{
  "deepgram_stt_ms": [
    2639.5445000380278,
    1549.0044001489878,
    1494.7073999792337,
    2008.731900015846,
    1440.677500097081
  ],
  "agent_turn_ms": [
    940.2758001815528,
    901.2937999796122,
    870.7312999758869
  ],
  "tts_first_byte_ms": [
    1385.3944998700172,
    367.3151000402868,
    113.50890016183257,
    222.9988998733461,
    185.6162000913173
  ],
  "tts_full_stream_ms": [
    1385.3944998700172,
    367.3151000402868,
    113.50890016183257,
    222.9988998733461,
    185.6162000913173
  ],
  "e2e_agent_tts_ms": [
    234.3156998977065,
    168.85219980031252,
    159.2528000473976
  ]
}